[
    {
        "name": "zendframework/zendxml",
        "version": "1.0.2",
        "version_normalized": "1.0.2.0",
        "source": {
            "type": "git",
            "url": "https://github.com/zendframework/ZendXml.git",
            "reference": "7b64507bc35d841c9c5802d67f6f87ef8e1a58c9"
        },
        "dist": {
            "type": "zip",
            "url": "https://api.github.com/repos/zendframework/ZendXml/zipball/7b64507bc35d841c9c5802d67f6f87ef8e1a58c9",
            "reference": "7b64507bc35d841c9c5802d67f6f87ef8e1a58c9",
            "shasum": ""
        },
        "require": {
            "php": "^5.3.3 || ^7.0"
        },
        "require-dev": {
            "phpunit/phpunit": "^3.7 || ^4.0",
            "squizlabs/php_codesniffer": "^1.5"
        },
        "time": "2016-02-04T21:02:08+00:00",
        "type": "library",
        "extra": {
            "branch-alias": {
                "dev-master": "1.0-dev"
            }
        },
        "installation-source": "dist",
        "autoload": {
            "psr-0": {
                "ZendXml\\": "library/"
            }
        },
        "notification-url": "https://packagist.org/downloads/",
        "license": [
            "BSD-3-Clause"
        ],
        "description": "Utility library for XML usage, best practices, and security in PHP",
        "homepage": "http://packages.zendframework.com/",
        "keywords": [
            "security",
            "xml",
            "zf2"
        ]
    },
    {
        "name": "miniflux/picofeed",
        "version": "v0.1.37",
        "version_normalized": "0.1.37.0",
        "source": {
            "type": "git",
            "url": "https://github.com/miniflux/picoFeed.git",
            "reference": "402b7f07629577e7929625e78bc88d3d5831a22d"
        },
        "dist": {
            "type": "zip",
            "url": "https://api.github.com/repos/miniflux/picoFeed/zipball/402b7f07629577e7929625e78bc88d3d5831a22d",
            "reference": "402b7f07629577e7929625e78bc88d3d5831a22d",
            "shasum": ""
        },
        "require": {
            "ext-dom": "*",
            "ext-iconv": "*",
            "ext-libxml": "*",
            "ext-simplexml": "*",
            "ext-xml": "*",
            "php": ">=5.3.0",
            "zendframework/zendxml": "^1.0"
        },
        "require-dev": {
            "phpdocumentor/reflection-docblock": "2.0.4",
            "phpunit/phpunit": "4.8.26",
            "symfony/yaml": "2.8.7"
        },
        "suggest": {
            "ext-curl": "PicoFeed will use cURL if present"
        },
        "time": "2017-11-02T03:20:36+00:00",
        "bin": [
            "picofeed"
        ],
        "type": "library",
        "installation-source": "dist",
        "autoload": {
            "psr-0": {
                "PicoFeed": "lib/"
            }
        },
        "notification-url": "https://packagist.org/downloads/",
        "license": [
            "MIT"
        ],
        "authors": [
            {
                "name": "Frédéric Guillot"
            }
        ],
        "description": "Modern library to handle RSS/Atom feeds",
        "homepage": "https://github.com/miniflux/picoFeed"
    }
]
