[
{"code": "lang_ar", "name": "Arabic"},
{"code": "lang_bg", "name": "Bulgarian"},
{"code": "lang_ca", "name": "Catalan"},
{"code": "lang_cs","name": "Czech"},
{"code": "lang_da","name": "Danish"},
{"code": "lang_de","name": "German"},
{"code": "lang_el","name": "Greek"},
{"code": "lang_en","name": "English"},
{"code": "lang_es","name": "Spanish"},
{"code": "lang_et","name": "Estonian"},
{"code": "lang_fi","name": "Finnish"},
{"code": "lang_fr","name": "French"},
{"code": "lang_hr","name": "Croatian"},
{"code": "lang_hu","name": "Hungarian"},
{"code": "lang_id","name": "Indonesian"},
{"code": "lang_is","name": "Icelandic"},
{"code": "lang_it","name": "Italian"},
{"code": "lang_iw","name": "Hebrew"},
{"code": "lang_ja","name": "Japanese"},
{"code": "lang_ko","name": "Korean"},
{"code": "lang_lt","name": "Lithuanian"},
{"code": "lang_lv","name": "Latvian"},
{"code": "lang_nl","name": "Dutch"},
{"code": "lang_no","name": "Norwegian"},
{"code": "lang_pl","name": "Polish"},
{"code": "lang_pt","name": "Portuguese"},
{"code": "lang_ro","name": "Romanian"},
{"code": "lang_ru","name": "Russian"},
{"code": "lang_sk","name": "Slovak"},
{"code": "lang_sl","name": "Slovenian"},
{"code": "lang_sr","name": "Serbian"},
{"code": "lang_sv","name": "Swedish"},
{"code": "lang_tr","name": "Turkish"},
{"code": "lang_zh-CN","name": "Chinese (Simplified)"},
{"code": "lang_zh-TW","name": "Chinese (Traditional)"}
]